ada	1	module	run	alr -n init --lib --in-place {module}	-	-	-
ada	2	module	run	alr -n init --bin tests	-	-	-
ada	3	module	run	cd tests && alr with {module} --use=..	-	-	-
ada	4	module	run	cd tests && alr with aunit	-	-	licencia GPL-3.0-or-later en alire.toml y tests/alire.toml, y description del subproyecto de pruebas
clojure	1	phase	run	clojure -Sdeps '{:deps {io.github.seancorfield/deps-new {:git/tag "v0.9.0" :git/sha "da2f764f71da871224ae639656d52ccedfb0020c"}}}' -Tnew create :template lib :name {module} :target-dir {module}	network	-	sustituir el test de plantilla que falla a propósito
common-lisp	1	phase	run	ros -e '(ql:quickload :cl-project :silent t)' -e '(cl-project:make-project #p"{module}" :depends-on nil)'	network	-	homologar el andamiaje con guion y no subrayado, sistema de pruebas con fiveam y escribir run-tests.lisp
csharp	1	module	run	dotnet new sln -n {Module}	-	-	-
csharp	2	module	run	dotnet new classlib -n {Module} -o src/{Module}	-	-	-
csharp	3	module	run	dotnet new xunit -n {Module}.Tests -o test/{Module}.Tests	-	-	-
csharp	4	module	run	dotnet sln add src/{Module}/{Module}.csproj test/{Module}.Tests/{Module}.Tests.csproj	-	-	borrar Class1.cs y UnitTest1.cs y añadir .gitignore
csharp	5	module	run	dotnet add test/{Module}.Tests/{Module}.Tests.csproj reference src/{Module}/{Module}.csproj	-	-	-
fsharp	1	module	run	dotnet new sln -n {Module}	-	-	-
fsharp	2	module	run	dotnet new classlib -lang F# -n {Module} -o src/{Module}	-	-	-
fsharp	3	module	run	dotnet new xunit -lang F# -n {Module}.Tests -o test/{Module}.Tests	-	-	-
fsharp	4	module	run	dotnet sln add src/{Module}/{Module}.fsproj test/{Module}.Tests/{Module}.Tests.fsproj	-	-	aplanar a src/{Module}.fsproj, ProjectReference a ..\src\{Module}.fsproj, borrar Library.fs y Tests.fs y añadir .gitignore
groovy	1	module	run	gradle init --type groovy-library --dsl groovy --project-name {module} --package {module} --use-defaults	-	-	borrar lib/src/main/groovy/**/Library.groovy y lib/src/test/groovy/**/LibraryTest.groovy
haxe	1	module	run	mkdir -p src test	-	-	-
haxe	2	module	run	haxelib install utest	network	-	build.hxml y RunTests.hx son contenido del sprint
julia	1	phase	run	julia -e 'using Pkg; Pkg.generate("{module}")'	-	-	completar test/ y su runner y añadir uuid, [compat], [extras] y [targets] a Project.toml
kotlin	1	module	run	gradle init --type kotlin-library --dsl kotlin --project-name {module} --package {module} --use-defaults --no-split-project	-	-	borrar src/main/kotlin/**/Library.kt y src/test/kotlin/**/LibraryTest.kt
nim	1	module	expect	nimble init	expect	library|<defecto>|<defecto>|<defecto>|<defecto>	llevar src/{module}/{module}.nim a src/{module}.nim, tests/ a test/ y añadir la task test del .nimble
ocaml	1	phase	run	dune init proj {module}	-	-	-
python	1	module	run	uv init --lib .	tool:uv	-	borrar el .git que crea uv, añadir conftest.py y tests/ con config de pytest y pasar el runner a uv run pytest
racket	1	phase	run	raco new library {module}	network	-	la plantilla se clona de github.com/racket-library (paquete raco-new)
racket	2	module	run	mv project {module} && mv project-lib {module}-lib && mv project-test {module}-test && mv project-doc {module}-doc && mv {module}-test/tests/project.rkt {module}-test/tests/{module}.rkt && mv {module}-doc/scribblings/project.scrbl {module}-doc/scribblings/{module}.scrbl	-	-	el render del template se hace aquí: su render-template.sh es interactivo y usa sed de BSD
racket	3	module	run	sed -i 's/<project>/{module}/g; s/<username>/yorche3/g' CONTRIBUTING.rst Makefile README.rst {module}/info.rkt {module}-lib/info.rkt {module}-test/info.rkt {module}-doc/info.rkt {module}-test/tests/{module}.rkt {module}-doc/scribblings/{module}.scrbl	-	-	sin esto los info.rkt conservan <project>/<username> y los paquetes quedan inválidos
racket	4	module	run	rm -rf .github pull_request_template.md render-template.sh profile	-	-	el CI, la plantilla de PR, el script de render y el ejemplo de profiling son del generador
racket	5	module	run	sed -i 's|^\( *\){module})$|\1"../../{module}-lib/main.rkt")|' {module}-test/tests/{module}.rkt	-	-	el test de plantilla requiere la colección por nombre: con la ruta relativa corre sin enlazar paquetes
rescript	1	module	run	mkdir -p src test	-	-	-
rescript	2	module	run	npm install	network	-	el package.json con rescript y jest va antes: npm install falla sin manifiesto
ruby	1	module	run	bundle init	-	-	-
ruby	2	module	run	bundle install	network	-	Gemfile con rspec y .rspec
v	1	module	expect	v init --lib	expect	<vacio>|0.1.0|<defecto>	quitar el .git anidado que crea v y llevar tests/ a test/
vala	1	module	run	meson init --language vala --type library --name {module}	-	-	completar src/ y test/ y decidir el build con meson
